{
  "project_info": {
    "project_number": "932953781186",
    "firebase_url": "https://triper-36cd3.firebaseio.com",
    "project_id": "triper-36cd3",
    "storage_bucket": "triper-36cd3.appspot.com"
  },
  "client": [
    {
      "client_info": {
        "mobilesdk_app_id": "1:932953781186:android:959ee70b3a5743fd",
        "android_client_info": {
          "package_name": "com.project.team.triper"
        }
      },
      "oauth_client": [
        {
          "client_id": "932953781186-sp6lk1gj9m2eqv0kvihsp777r7iekq15.apps.googleusercontent.com",
          "client_type": 1,
          "android_info": {
            "package_name": "com.project.team.triper",
            "certificate_hash": "a8d382bcde10a4cab4ae0d7e0e118b92a8aa88be"
          }
        },
        {
          "client_id": "932953781186-pq0dnlimvsf8oibsqrm04mrl410gh7dq.apps.googleusercontent.com",
          "client_type": 3
        }
      ],
      "api_key": [
        {
          "current_key": "AIzaSyDp-ZBAD6f-ucTlkNRZCF4S34inee-8dZw"
        }
      ],
      "services": {
        "analytics_service": {
          "status": 1
        },
        "appinvite_service": {
          "status": 2,
          "other_platform_oauth_client": [
            {
              "client_id": "932953781186-pq0dnlimvsf8oibsqrm04mrl410gh7dq.apps.googleusercontent.com",
              "client_type": 3
            }
          ]
        },
        "ads_service": {
          "status": 2
        }
      }
    }
  ],
  "configuration_version": "1"
}